MessageText,Conversation Type,Is Marked as Spam,Manual Classification
Camila here are you still looking for hookup ? add my id Smily24 on whatsChat.surf its just like whtsap.,1,FALSE,Other Site
hi,1,FALSE,Short Greeting
"Heya, you responded to my CityXGuide ad a while back. I am sorry I did not reply to you sooner. I'm not really seeking a commited relationship right this moment, I just would like to find a no strings kind of deal. Atleast for the time being I don't have the time for a relationship, I have been keeping fairly busy with work recently. Would you like to get together for dinner or drinks sometime soon, I have some time tomorrow if you're available. Just so we can get to know each other, we'll need to find out what happens. Find me on CasDates.com I'm TightCurves27 there, I've got allot more pix and a couple videos there. My real phone number is also on there. This is how I get rid of all the fakes and flakes. Talk to you soon. <img>https://api.twilio.com/2010-04-01/Accounts/AC364c6274101b6b137b433c79b795bba2/Messages/MMd285f81533071f5389c434961abea0c3/Media/ME23d99d7abe661141a5b6fb33c88ef205</img>",1,FALSE,Other Site
"Do you know that law enforcement are using City Guide to entrap girls and their customers? The next post you call may be a police officer ready to toss you behind bars. Stop taking that risk, you have a better alternative. Thousands of hot local women are on XoXLocals.com They aren't after money, they just want to be satisfied! It's free to join, they do not even ask you for a credit card number. Its free sex, you can't loose.",1,FALSE,Other Site
<img>https://api.twilio.com/2010-04-01/Accounts/AC364c6274101b6b137b433c79b795bba2/Messages/MM1559fb9151abd730f93f0e003e591359/Media/ME38aee951230213303f567080796096d2</img>,1,FALSE,Image
"Hey,Im Justina frome pof,Looking for date,see my nude mypofgirl.info.53035768",1,FALSE,Other Site
Luna here are you still looking for hookup ? add my id Pinky24 on whatsChat.surf its just like whtsap.,1,FALSE,Other Site
"Do you know that police are using City Guide to arrest escorts and their clients? Next time you call a girl it may result in a night behind bars. You have a better alternative, do not take the risk anymore. Go to XoXLocals.com You can browse thousands of local profiles of hot women in your area. You won't need to pay them to get laid, they give it up for nothing! It doesn't cost anything to join, they don't even require a card number. So what do you got to loose, its free sex, can't go wrong.",1,FALSE,Other Site
Hey,1,FALSE,Short Greeting
"FR57KaNKu5S9n babe i know u, so can we meet outside of my house, nice & private. lift my dress and suck & fuck my pussy.
 Tell me when u spend your 4 me. My userneme- yamigirl just send me a sms with time & place. This is my profile -> datenownextplus.me.91gbOWHtdSs54zPzL",1,TRUE,Other Site
U still around,2,FALSE,Short Greeting
St. Petersburg College Notification: Today is your priority registration date! Register now for Fall 2019: https://dydci.com/aiM7hOa3uo,1,TRUE,Other Site
"Are you looking for a sexy young woman to spend some quality time with? I'm here ready for whatever kind of adventure you might have in mind! There's no rush with me, I provide a totally comfortable experience for $125 an hour. I'm soft and sweet but frisky and naughty all in one package. I promise if you meet me it will be the highlight of your day. I have FuckrNow.com/SinfulDreams as a booking service to keep both of us safe. If you would like to get together you can contact me on there. Trust that feeling saying to live on the wild side a little today and contact me, you will not be disappointed. Your satisfaction is mine. :) <img>https://api.twilio.com/2010-04-01/Accounts/AC364c6274101b6b137b433c79b795bba2/Messages/MM4cc8a73898569372d394007990313000/Media/MEea94dba4750a912e312037c78d327262</img>",1,FALSE,Other Site
"LuckyCharm.cf.6191101145 Horny and need a c-o-c-k candy,Enjoy Your Safe Date,PM Nastya",1,FALSE,Other Site
"Hi there, I'm Jessica. I got your number from a friend. Are you stressed, bored, or are not getting what you want at home? I'll sweep you off your feet with my entrancing eyes, friendly personality, and petite yet curvy body. I'm independent, drama free, and my pictures are really me and taken recent. I've got more pictures on InstaNaughty.com/GFEJess and a few videos also. I also use them for screening new clients for my safety, you can find me on there to setup a date. You'll always leave fully satisfied. <img>https://api.twilio.com/2010-04-01/Accounts/AC364c6274101b6b137b433c79b795bba2/Messages/MM7f1d87103e7b3d9c8100c6526a2294ae/Media/ME64c137485736a5bab3c3647c1eb575fc</img>",1,TRUE,Other Site
Z5y3NusSk>hey someone interested to meet you. she is waiting for you Accept her request here : safetwodate.me.31761,1,FALSE,Other Site
"Are you trying to find a wild woman to fulfill all your greatest desires? On HornyConnects.com/tw61 you will be able to find hundreds of girls in your area. In just a moment you are going to be browsing sex personals ads, rateing pictures, and messaging other members to get together instantly. Our members are real, photo confirmed, local, and looking for sex. They are not after money, they just want to be satisfied! It costs nothing to create a profile and view listings. What are you waiting for, sign up now, hook up today! <img>https://api.twilio.com/2010-04-01/Accounts/AC364c6274101b6b137b433c79b795bba2/Messages/MMcb5b4cd62d8c72ee29fd3d36ea00e89d/Media/MEbb6b5c17b164e16fc6533fd6bfde80ef</img>",1,FALSE,Other Site
A message from the Cook County Sheriff. You can get support at http://bit.ly/2qNN9HO <img>https://api.twilio.com/2010-04-01/Accounts/AC364c6274101b6b137b433c79b795bba2/Messages/MM06765bbbabff9060271de9db5c964352/Media/MEe90224c14edbc3d4d8b40c9af63b79ee</img>,1,FALSE,Law Enforcement
A message from the Cook County Sheriff. You can get support at http://bit.ly/2qNN9HO <img>https://api.twilio.com/2010-04-01/Accounts/AC364c6274101b6b137b433c79b795bba2/Messages/MMbd2592e6318f0fea82d6b8b306fdb661/Media/MEb4e81141cda47020e9f9c6d35a3318dd</img>,1,FALSE,Law Enforcement
"Are you aware that cops are using City X Guide to arrest escorts and their customers? Next time you call an ad it may result in a night behind bars. You have a better alternative, do not take the chance anymore. Thousands of sexy local girls are on XoXLocals.com They are not after money, they just want to be satisfied! It's free to sign up, they don't even ask you for a card number.",1,TRUE,Other Site
"Hi there, I am Jessica. I got your phone number from a friend. Are you bored, stressed out, or simply lookin for a good time? I'll sweep you off your feet with my entrancing eyes, friendly personality, and petite yet curvy body. I'm never in a rush and always discreet. On InstaNaughty.com/GFEJessica I've got some more pictures and a couple videos. I also use them to screen clients for my safety, you can contact me on there to make a date. <img>https://api.twilio.com/2010-04-01/Accounts/AC364c6274101b6b137b433c79b795bba2/Messages/MM552e8c499ace85c89a910d52846ef3d2/Media/ME3a54748407d5ff0c8f729ce8a3a4f78e</img>",1,FALSE,Other Site
"Hiya, a while ago you replied to my City X Guide listing. I'm sorry it took me this long to respond to you. For now I don't desire a relationship with strings, I would like to keep this strictly casual. I would like to get together for a drink, tomorrow works for me if you have some time. I'd just like to get to know you, and then see what happens. Look me up on CasDates.com I am NaughtyPlay there, I have got allot more pix and a couple videos on there. My real phone number is also there. This is how I get rid of all the fakes and flakes. <img>https://api.twilio.com/2010-04-01/Accounts/AC364c6274101b6b137b433c79b795bba2/Messages/MM05344f04a0bf3996ae8a3804fe227685/Media/MEbfde871880476beef54604ac70ebdd2d</img>",1,FALSE,Other Site
pUPZgP5yG>hey someone interested to meet you. she is waiting for you Accept her request here : cuteface.me.87422,1,FALSE,Other Site
Hey my cell phone signal terrible in my house I like to meet you im down for fun i can host lets talk here 3018107950,1,TRUE,Different Number
there? my phone service doesn't work in my apartment I like to meet you im down for fun i can host lets talk here 3018107950,1,TRUE,Different Number
there? my phone service doesn't work in my apartment I like to meet you im down for fun i can host lets talk here 3018107950,1,TRUE,Different Number
Hey! I saw your AD on ADList24.io. what's donation,2,FALSE,Bot Response
Hi are you busy right now,2,FALSE,Bot Response
"Hey bro, this new place is crushing it for me. So many women lookingtodate.me. You should try it!!",1,FALSE,Other Site
"Hey got your text are you wanting to meet up for a quicky?
 my mobile service is bad signal in my apt I just saw your msg.let’s chat here 3017207962",1,TRUE,Different Number
"Hey Im down for everything I can meet up as soon as ur ready my
 cell service is weak in my apt I just saw your msg.let’s chat here 3017155974",1,TRUE,Different Number
"Hey got your text are you wanting to meet up for a quicky?
 my mobile service is weak in my apt I just saw your msg.let’s chat here 3017207952",1,TRUE,Different Number
"Hey got your text are you wanting to meet up for a quicky?
 my
 cell service is bad signal in my apt I just saw your msg.let’s chat here 3017207962",1,TRUE,Different Number
Hey Im down for everything I can meet up as soon as ur ready my phone service is weak in my apt I just saw your msg.let’s chat here 3018107950,1,FALSE,Different Number
"Hello, I'm Jessica. I got your phone number from my friend of mine. Are you bored, stressed, or simply interested in a good time? I'm creative, energetic, sensual, and fun. My pictures are really me and taken recently. I am drama free and independent. On InstaNaughty.com/GFEJess I've got some more pictures and a few videos. I only accept bookings through them, for my security I use them to screen new clients. You'll always leave satisfied. <img>https://api.twilio.com/2010-04-01/Accounts/AC364c6274101b6b137b433c79b795bba2/Messages/MM9c9c945301ef0cb241b5ccd490f0b016/Media/ME143298d9e747fd6c4f61b7f8efb8587c</img>",1,FALSE,Other Site
Hey Im down for everything I can meet up as soon as ur ready my phone service is terrible in my apt I just saw your msg.let’s chat here 3017155974,1,TRUE,Different Number
Hey Im down for everything I can meet up as soon as ur ready my phone service is terrible in my apt I just saw your msg.let’s chat here 3017207952,1,TRUE,Different Number
"Whats up, you responded to my City X Guide listing a bit ago. I'm sorry I didn't respond faster. Right now a serious relationship isn't something I'm trying to find, I just would like to find a no strings attached kind of deal. Would you wanna get together to have dinner or drinks sometime soon, if you have time maybe tomorrow. Find me on CasDates.com I'm SinfulDreams there, I've got allot more pics and a few videos there. My skype and real cell number are on there as well. I do this to weed out the fakes and flakes. <img>https://api.twilio.com/2010-04-01/Accounts/AC364c6274101b6b137b433c79b795bba2/Messages/MMb9866d962875b84cdb4c3c13213884e4/Media/MEff3fb19396c1173916bff1e531af16a4</img>",1,FALSE,Other Site
"Are you ready for a total escape away from all the stress and troubles life has to offer? Then let me to be your sweet escape as I take you to a world of complete bliss! I'm not only easy on the eyes, but I am gentle and openminded as well. With beautiful soft curves, I am the girl nextdoor, the perfect mix of sweet and naughty. There's no rushing with me, I provide a total relaxed encounter for $125/hr. I use FuckrNow.com/NaughtyOne as a screening system inorder to keep us both safe. If you would like to setup a date you can contact me on there. Go with that feeling telling you to live on the wild side a little today and contact me, you won't be disappointed. Your satisfaction is mine. :) <img>https://api.twilio.com/2010-04-01/Accounts/AC364c6274101b6b137b433c79b795bba2/Messages/MM17bfa534cb36dfb4159239ea880d9042/Media/ME08fb67783733ade0a1c62f292cc7d37a</img>",1,FALSE,Other Site
Can I volunteer?,1,FALSE,NA
Hii its TORI im from pof hope you are still looking Im willing to meet whenever you want hit me up on profile http://instantfun.live ID horny26 and we can chat,1,TRUE,Other Site
Hey What's up? I live alone Im very kindhertd and easy going I would like to meet with you hit me up on profile http://instantfun.live ID horny26 and we can chat,1,TRUE,Other Site
"What is GED? And how did you got my contact
 - UN PAYMENT EXECS IDAHO",1,FALSE,NA
"Hey, my name is Jessica. My girlfriend gave me your number. Are you stressed, bored out of your mind, or not getting what you need at home? I will be sure to sweep you off your feet with my sexy eyes, friendly personality, and petite yet curvy body. My photos are real and recent. I am independent and drama free. On InstaNaughty.com/GFEJessica I've got some more photos and a few videos. I only take dates through them, for my safety I use them for screening clients. You will always leave satisfied. <img>https://api.twilio.com/2010-04-01/Accounts/AC364c6274101b6b137b433c79b795bba2/Messages/MM0f67fd72ecfa243c28f3f292c1acdd95/Media/MEe53856fe9a7b6efc7aa9f0c5efae8371</img>",1,TRUE,Other Site
"Hi, Shay.
 This is Pam. This is my cell #. The other # was a text app. I just seen your message.
 Truthfully, I'm not really sure how to answer your question.",1,FALSE,Genuine PV
Emily here how u doing? we talk 3 days ago r u Still looking 4 hookup? then baby add me Cutesy24 on http://Amochat.live Em online atm it's free like Twitter,1,TRUE,Other Site
"Hey, you responded to my City X Guide ad a bit back. I'm sorry I did not reply to you sooner. For the time being a serious relationship isn't something I am trying to find, I'd like to keep this only casual. For now I simply do not have time for a traditional relationship, I've been staying fairly busy with work recently. I would love to meet up to have dinner or drinks, from there we'll just have to find out what happens. I have a photo album and a few videos at ItsAFling.com for you, look me up, I am SexBlondie there. Suppose that is all for now. <img>https://api.twilio.com/2010-04-01/Accounts/AC364c6274101b6b137b433c79b795bba2/Messages/MM6afc7668ec1de36fe162580e62d1c6fc/Media/ME344d3419420ecd6bd099a173827823b4</img>",1,FALSE,Other Site
"Hello, I am replying to you from my City Guide ad. Are you looking for that special something to make you feel just right? I'm ready to have a good time and enjoy each other. I'm not only easy on the eyes, but I am gentle and openminded as well. With wonderful soft curves, I am the girl next door, the perfect mix of sweet and naughty. There is no preasure with me, I provide a totally relaxed encounter for $125 per hour. I have FuckrNow.com/BangTonight as a screening system to keep both of us safe. If you would like to get together you can arrange it on there. If you are looking for a girl who enjoys what she does then I'm your girl, I aim to please, you will never leave unsatisfied :) <img>https://api.twilio.com/2010-04-01/Accounts/AC364c6274101b6b137b433c79b795bba2/Messages/MM9a7c3ca6abbe7a02c229770af94ff7ca/Media/MEa5134b27990b6a8522e98b46f0c53205</img>",1,TRUE,Other Site
"Are you sick of going out with girls who want to play games? Would you rather find girls that are not after a serious relationship, but are actually just wanting to have a good time? The women on NSAMatches.com/v67 are seeking the same thing that you are. They do not want a traditional relationship, just something casual. It only takes a minute to make an a profile and begin talk to beautiful local girls. Are you ready to give something new a shot? <img>https://api.twilio.com/2010-04-01/Accounts/AC364c6274101b6b137b433c79b795bba2/Messages/MMfa43a9934f90e92ba790e4046cbc908c/Media/ME5e2d82f7f1bd2f0b7dccbe5955234154</img>",1,FALSE,Other Site
hi its Kayla I just saw your msg if your down to have fun all night then im your girl Id like to chat here http://prettymatch.us before meetup id carx26,1,TRUE,Other Site
"Do you know that law enforcement are using City Guide to entrap escorts and their customers? The next post you call might be a police officer ready to toss you behind bars. You got a better option, do not take the chance anymore. Thousands of sexy local girls are on XoXLocals.com You do not need to pay them for sex, they give it for nothing! It doesn't cost anything to sign up, they do not even ask you for a credit card number. So what do you have to loose, its free sex, how can you go wrong.",1,TRUE,Other Site
hi its Angel im from pof Hopefully we can make this a long term FWB situation i love orl Lets chat here http://matchsingles.us before meetup id carx26 its free,1,TRUE,Other Site
hey its Katie thanks for messaging Im looking to get hang out and have some fun today Id like to chat here http://prettymatch.us before meetup id carx26,1,TRUE,Other Site
"Natalie, what are your free services?
 Food Banks?",1,TRUE,Genuine PV
"Hi, a while back you responded to my CityXGuide ad. I'm sorry it took me so long to reply to you. I do not want a serious relationship, atleast for now, I am looking for something thats strictly no strings. I would like to meet up for dinner or drinks, tomorrow would be fine for me if you've got time. I'd just like to get to know you, then find out where it goes. I have a picture gallery and a couple vids on CasDates.com for you, look me up, I am BadLilBlond there. My skype and real cell number are there also. I do this to screen for my safety and weed out the flakes and fakes. <img>https://api.twilio.com/2010-04-01/Accounts/AC364c6274101b6b137b433c79b795bba2/Messages/MMe6a06cdf8429a5f66f71600ec774a1ba/Media/MEfa3db1a8e7c0e95348a944f34a15b768</img>",1,TRUE,Other Site
"Hey, it's been a long time! Remember that time I asked you to goonadatewith.me. We can arrange it easily.",1,FALSE,Other Site
which one u like,1,TRUE,NA
Yo Dude!! You totally went home with that woman from last night? Redhothookups.me. You are the man!,1,TRUE,Other Site
Hey bro! I found this new place that is crushing it for me. I am finally winningatdating.me. You should try it!!,1,TRUE,Other Site
Hey you! It's a gorgeous hump day. You going out after work? Someplace with lotsofhotchicks.me,1,TRUE,Other Site
"Hello, I am replying to you from my City Guide ad. Are you seeking that special someone to make you feel just right? I am ready to have a great time and enjoy one another. I'm soft and sweet but frisky and naughty all in one package. I guarantee if you have a date with me it'll be the highlight of your week. My rate is $125 per hour for the girlfriend experience. There is no rush with me, I provide a total comfortable encounter. I have FuckrNow.com/TightTanya as a booking service to keep us both safe. If you would like to setup a date you can arrange it on there. If your looking for a girl who enjoys what she does then I am your girl, I aim to please, you will never leave disappointed :) <img>https://api.twilio.com/2010-04-01/Accounts/AC364c6274101b6b137b433c79b795bba2/Messages/MM161aff6ffecfb6c480229e23c654663a/Media/ME726eaa0507056695130f04d12eda1ab9</img>",1,FALSE,Other Site
"Hi there, I'm responding to you from my City Guide post. R u looking for a total escape away from all the stress and troubles life has to offer? Well allow me to be your sweet escape as I take you to a world of total bliss! I'm soft and sweet but frisky and naughty all in one package. I promise if you meet me it will be the highlight of your week. There is no rush with me, I offer a total relaxed experience for $125/hr. I have FuckrNow.com/BangTonight as a screening system to protect myself. If you would like to get together you can contact me on there. Go with that feeling telling you to live on the wild side a little today and get in touch, you will not regret it. Your satisfaction is mine. :) <img>https://api.twilio.com/2010-04-01/Accounts/AC364c6274101b6b137b433c79b795bba2/Messages/MM3a5092993f3b1d50e40c507df64b5081/Media/ME73d2f51e74928872c8830d4ec8367d0f</img>",1,FALSE,Other Site
datesafely.us.6IEWRjt,1,FALSE,Other Site
datesafely.us.6IEWRjt,1,TRUE,Other Site
"Are you aware that cops are using City X Guide to entrap girls and their customers? Next time you call a girl it might end in a night in jail. Do not take that risk, you have a better alternative. Checkout XoXLocals.com You can search thousands of local profiles of sexy women in your area. They aren't looking for money, they just want sex! No card number required to join.",1,FALSE,Other Site
"Hello, I'm Jessica. My girlfriend gave me your phone number. Are you stressed, bored, or not getting what you want at home? I'll sweep you off your feet with my entrancing eyes, friendly personality, and slim yet curvy body. For an hour my rate is $120. I am never rushed and discreet. I'm independent, drama free, and my pictures are really me and taken taken recently. I have some more pictures on InstaNaughty.com/GFEJessica and a couple videos too. I only take dates through them, for my safety I use them for screening clients. You will always leave fully satisfied. <img>https://api.twilio.com/2010-04-01/Accounts/AC364c6274101b6b137b433c79b795bba2/Messages/MMfebf87f944004f5dcf7d68439e1ec6ff/Media/ME0b1a5a0457cce36e94d04848f64083f4</img>",1,FALSE,Other Site
Hello ;-) I've been home alone all weekend. Getting really restless. I'm looking for company hottotdate.me,1,TRUE,Other Site
Hello ;-) I've been home alone all weekend. Getting really restless. I'm looking for company hottotdate.me,1,FALSE,Other Site
Hello ;-) I've been home alone all weekend. Getting really restless. I'm looking for company hottotdate.me,1,TRUE,Other Site
Hello ;-) I've been home alone all weekend. Getting really restless. I'm looking for company hottotdat.me,1,TRUE,Other Site
Hello ;-) I've been home alone all weekend. Getting really restless. I'm looking for company hottotdat.me,1,FALSE,Other Site
OMG Dude!! Did you go home with that chick last night? Redhothookups.me. Works every time!,1,TRUE,Other Site
What's Up? Did you see this online? Redhothookups.me. It's so perfect,1,TRUE,Other Site
What's Up? Did you see this online? Redhothookups.me. It's so perfect,1,FALSE,Other Site
"Hi, I'm responding to you from my City Guide listing. Are you searching for a attractive young woman to have some quality time with? I am right here ready for whatever kind of adventure you may have in mind! I am soft and sweet but frisky and naughty at the same time. I promise if you have a date with me it will be the highlight of your week. There is no preasure with me, I provide a total comfortable experience for $125 an hour. I use FuckrNow.com/SinfulDreams as a screening service to keep us both safe. If you would like to get together you can arrange it through there. Trust that feeling telling you to live on the wild side a bit today and get in touch, you will not regret it. Your satisfaction is mine. :) <img>https://api.twilio.com/2010-04-01/Accounts/AC364c6274101b6b137b433c79b795bba2/Messages/MMf1745c7d85740e161fcc1d1d2bf50311/Media/MEe1a5d6df51dc300ec6bd89c8d8102ad9</img>",1,TRUE,Other Site
"Hey there, I'm Jessica. I got your phone number from my girlfriend. Are you stressed, bored, or are not getting what you want at home? I'll be sure to sweep you off your feet with my seductive eyes, outgoing personality, and petite yet curvy body. My pictures are really me and taken recently. I'm drama free and independent. On InstaNaughty.com/GFEJessica I've got more pics and a couple videos. I also use them for screening new clients for my security, you can contact me on there to make a date. You'll always leave satisfied. <img>https://api.twilio.com/2010-04-01/Accounts/AC364c6274101b6b137b433c79b795bba2/Messages/MM77746965c45b1d393c87069549b1f96b/Media/MEfdee77210bdfaf80ff42b4955407e7bf</img>",1,FALSE,Other Site
Hello again we Spoke last night I have amazing orl skills lets talk here before meetup http://datingapp.live my id onenight69 I know how to please a man :),1,TRUE,Other Site
Hey its TORI I have amazing orl skills which you will love Lets talk here http://swipemeet.us to know each other ID hotfun23 I know how to please a man :),1,TRUE,Other Site
"Did you know that police is trying to entrap escorts and their clients on City Guide? The next post you call may be a cop waiting to toss you behind bars. Do not take that risk, you have a better option. Thousands of hot local girls are on XoXLocals.com They are not after money, they just want sex! Its free sex, you can't loose.",1,TRUE,Other Site
"Hey,My ID 214553 I would like to chat and meet with you and yes it will be very discreet and fun.??: http://comewithyou??.ml",1,FALSE,Other Site
Hi What's up? we Spoke last night I have amazing orl skills Lets talk here http://swipemeet.us to know each other ID hotfun23 I know how to please a man :),1,TRUE,Other Site
"What's up, a bit back you responded to my Skip The Games listing. Sorry it took me this long to respond to you. For now I do not want a relationship with commitments, I'm looking for something that is just casual. I'd like to meet up to have drinks, if you have time perhaps tomorrow. Just so we could get to know each other, and then find out what happens. I've got a picture album and a few videos on ItsAFling.com for you, look me up, I'm SexyBlonde there. My skype and real phone number are on there also. I do this to screen to be safe and weed out the flakes and fakes. <img>https://api.twilio.com/2010-04-01/Accounts/AC364c6274101b6b137b433c79b795bba2/Messages/MM9eeda6e743702bdfa647baef7d9cef7a/Media/MEb56f50bba952e21d7f18dc18c63b401d</img>",1,TRUE,Other Site
"Hey dear,
 Beautiful Day's coming up. Wanna go dating? I really want to meet you, that's why I sent you my personal secret profile link:>>> https://sugarxpartner.com/qobsgemzszonosg?t=Jesse69 So Let's start.....",1,FALSE,Other Site
Hey its Sarah thanks for messaging if your down to have fun all night then im your girl Lets chat here http://matchsingles.us before meetup my id curvy7,1,TRUE,Other Site
Hi it's Amber are u still available? Would love to meet you Im free now if u are interested text me at free chat messenger http://datinglocal.us id horny9,1,TRUE,Other Site
"Are you aware that law enforcement are using City X Guide to entrap escorts and their clients? The next post you contact may be a cop waiting to toss you behind bars. You have a better option, don't take the chance anymore. Thousands of sexy local women are on XoXLocals.com They aren't looking for money, they just want to be satisfied! No credit card number needed to sign up.",1,TRUE,Other Site
"Heya, a bit ago you replied to my Skip The Games ad. I'm sorry it took me this long to respond to you. I don't want a serious relationship, atleast for now, I just would like to find a no strings kinda arrangement. I would love to meet up to have drinks or dinner, tomorrow works for me if you've got some time. Look me up on ItsAFling.com I am HornyRider there, I've got allot more photos and a couple videos on there. I included my real cell number there as well. This is how I get rid of all the flakes and fakes. <img>https://api.twilio.com/2010-04-01/Accounts/AC364c6274101b6b137b433c79b795bba2/Messages/MM7d2c3dbfed330291ec571d105c966495/Media/ME2092b43fa82ca541731a0602dfbe9350</img>",1,FALSE,Other Site
"Heya, a while ago you messaged my CityXGuide ad. I am sorry it took me this long to reply to you. For the time being I do not desire a relationship with strings, I am only trying to have some fun with no strings. For now I simply don't have the time for a traditional relationship, I have been staying fairly busy with work recently. Would you wanna meet for dinner or drinks sometime soon, then see what happens. Look me up on ItsAFling.com I'm BabyDoll there, I have got allot more pics and a couple vids on there. I hope we'll talk soon. <img>https://api.twilio.com/2010-04-01/Accounts/AC364c6274101b6b137b433c79b795bba2/Messages/MMb789748f03046e60dbea4e20c72948a9/Media/ME8f1a7780b81c4c95adf2eac0f37b31fe</img>",1,FALSE,Other Site
"Hello, I'm responding to you from my Skip The Games listing. Are you searching for a attractive young woman to have some quality time with? I'm right here ready for whatever kind of adventure you may have in mind! I am not only easy on the eyes, but I am gentle and open minded to. With beautiful soft curves, I am the girl next door, the perfect mix of naughty and nice. My rate is $125 an hour for the girlfriend experience. There is no preasure with me, I offer a total comfortable encounter. I have FuckrNow.com/BabyDoll as a screening system inorder to keep us both safe. If you'd like to get together you can arrange it through there. Go with that feeling telling you to live on the wild side a bit today and get in touch, you won't regret it. Your satisfaction is mine. :) <img>https://api.twilio.com/2010-04-01/Accounts/AC364c6274101b6b137b433c79b795bba2/Messages/MM1653fc8609eb092ca774203ce982e856/Media/ME6b56974dc497ebc20e372cedcd9e0c3d</img>",1,TRUE,Other Site
"Hello, I am Jessica. My girlfriend gave me your phone number. Are you bored, stressed, or just interested in a good time? I will sweep you off your feet with my sexy eyes, bubbly personality, and slim yet curvy body. I'm never in a rush and discreet. I have more pictures on InstaNaughty.com/GFEJessica and a few videos aswell. I also use them to screen new clients for my security, you can contact me on there to make a date. <img>https://api.twilio.com/2010-04-01/Accounts/AC364c6274101b6b137b433c79b795bba2/Messages/MM654fb19ee08581b53b74a5291f7f18ac/Media/ME1e3c43cf99a6e3c523e50c6e57a3cff4</img>",1,TRUE,Other Site
A message from the Cook County Sheriff. You can get support at http://bit.ly/2qNN9HO <img>https://api.twilio.com/2010-04-01/Accounts/AC364c6274101b6b137b433c79b795bba2/Messages/MMfa7198d2cf91825a91a4c354b22f0d35/Media/MEd97d161f6f7e712a856d8adfa2214b3d</img>,1,FALSE,Law Enforcement
"R u looking for a total escape from all the stress and problems life has to offer? Then allow me to be your sweet escape as I take you to a world of complete bliss! There's no rushing with me, I offer a total relaxed experience for $125 an hour. I am soft and sweet but frisky and naughty all at once. I guarantee if you have a date with me it'll be the highlight of your day. I have FuckrNow.com/SinfulDreams as a screening system for my safety. If you would like to setup a date you can arrange it on there. Trust that feeling saying to live on the wild side a bit today and contact me, you won't regret it. Your satisfaction is mine. :) <img>https://api.twilio.com/2010-04-01/Accounts/AC364c6274101b6b137b433c79b795bba2/Messages/MM8f5e4ab58dad0e2dac56bcf374fc8ef0/Media/ME2cdf87a65a9c23bac7675d748f403055</img>",1,FALSE,Other Site
Hi,2,FALSE,Short Greeting
"Hello, we are Ant Tone, a VoIP phone company. We provide long-term phone numbers for the US,Canada,UK and Australia. Support MMS,SMS,voice,auto-reply, voice mail and other functions. Support for personal, family, small business and business registration, for more information, please visit https://www.anttone.com",1,FALSE,Other Company
"Hello, we are a VoIP phone company AntTone. We provide long-term phone numbers for the US and Canada. Support MMS,SMS,voice,auto-reply,voicemail and other functions, as well as various accounts for different business scenarios. For more information, please visit https://www.anttone.com",1,TRUE,Other Company
"Do you know that cops are using Skip The Games to arrest escorts and their clients? Next time you contact a girl it might end in a night behind bars. You got a better option, don't take the risk anymore. Go to XoXLocals.com You can browse thousands of local profiles of hot women in your area. They aren't looking for money, they just want to be satisfied! It's free to sign up, they don't even ask you for a credit card number. It's free sex, you can't loose.",1,TRUE,Other Site
"Hiya, a bit ago you replied to my Skip The Games listing. I'm sorry it took me so long to reply to you. For the time being I do not desire a relationship with commitments, I am only interested in have some fun with no strings. Perhaps we can meet and have dinner or drinks, I've got some free time tomorrow if you're available. Find me on ItsAFling.com I am badlilgirly there, I have got allot more pix and a few vids there. My real cell number is also on there. I do this to screen for my safety and weed out the fakes and flakes. <img>https://api.twilio.com/2010-04-01/Accounts/AC364c6274101b6b137b433c79b795bba2/Messages/MM517d4f0144118d8e64e6128d35d45e4b/Media/ME29ebfa844b2e85f73977c956c632444b</img>",1,TRUE,Other Site
"Do you know that police are using Skip The Games to arrest escorts and their clients? Next time you contact an ad it might end in a night in jail. You have a better alternative, do not take the risk anymore. Checkout XoXLocals.com You can browse thousands of local profiles of sexy women in your area. They are not after money, they just want to be satisfied! So what do you got to loose, its free sex, can't go wrong.",1,FALSE,Other Site
"Hi, I'm responding to you from my Skip The Games listing. Are you searching for a attractive young woman to have some quality time with? I am right here ready for whatever kind of adventure you may have in mind! I am soft and sweet but frisky and naughty at the same time. I promise if you have a date with me it will be the highlight of your week. There is no preasure with me, I provide a total comfortable experience for $125 an hour. I use FuckrNow.com/HornyRider as a screening service to keep us both safe. If you would like to get together you can arrange it through there. Trust that feeling telling you to live on the wild side a bit today and get in touch, you will not regret it. Your satisfaction is mine. :) <img>https://api.twilio.com/2010-04-01/Accounts/AC364c6274101b6b137b433c79b795bba2/Messages/MM3fb34b3a5a0f56062c1ac943f488105c/Media/ME03576f7037e4bc60dae8c0c72fe3f233</img>",1,TRUE,Other Site
"Hey there, I am Jessica. My girlfriend gave me your number. Are you stressed, bored, or are not getting what you want at home? I am imaginative, energetic, sensual, and fun. For an hour my fee is $120. I provide a total GFE service. I am discreet and never in a hurry My pics are real and taken recently. I'm drama free and independent. I have some more pictures on InstaNaughty.com/GFEJessica and a few videos too. I only allow dates through them, for my security I use them for screening clients. You'll always leave satisfied. <img>https://api.twilio.com/2010-04-01/Accounts/AC364c6274101b6b137b433c79b795bba2/Messages/MM0d387f25e30d9f5a539bd24bfb8f38c0/Media/ME5e2de40e0cf6318a33f5c2d29aeca0b2</img>",1,FALSE,Other Site
What's the catch,1,FALSE,Genuine PV
"Do you know that police are using Skip The Games to arrest girls and their clients? Next time you contact an ad it could end in a night behind bars. You have a better option, don't take the risk anymore. Checkout XoXLocals.com You can browse thousands of local ads of sexy women in your area. They are not after money, they just want sex! It doesn't cost anything to join, they don't even require a credit card.",1,TRUE,Other Site
"This text is from Body Tech Total Fitness to inform you of an overdue status on your membership. Please contact us at 815-439-9900 or stop in as soon as possible to settle the overdue amount. Thanks, BT Staff.",1,FALSE,Other Company
How did you get my last number and another thing what is your name,1,TRUE,Genuine PV
All adlist24 ads and data are available in assortlist.ch. The new classifieds website assortlist.ch is online.,1,FALSE,Other Site
Hi they I am doing a taxi uber service for outcalls if u need a ride call me flat rates available,2,FALSE,Other Site
Whats yous donation,2,FALSE,Bot Response
Aie,1,FALSE,Short Greeting
Sure what are your services,1,FALSE,Bot Response
"R u looking for a complete escape away from all the stress and troubles life has to offer? Well allow me to be your sweet escape as I take you into a world of complete ecstasy! My rate is $125 per hour for the girlfriend experience. There's no preasure with me, I provide a total relaxed encounter. I am soft and sweet but frisky and naughty at the same time. I guarantee if you have a date with me it will be the highlight of your day. I use FuckrNow.com/TightTanya as a booking system to protect myself. If you'd like to arrange a date you can arrange it through there. If you are looking for a girl who loves what she does then I am your girl, I aim to please, you'll never leave disappointed :) <img>https://api.twilio.com/2010-04-01/Accounts/AC364c6274101b6b137b433c79b795bba2/Messages/MM5303a3397b109a8bfac2eae260a08b20/Media/MEeb989bc538bc623c900472bdbb292985</img>",1,FALSE,Other Site
"Hey, my name is Jessica. My girlfriend gave me your number. Are you stressed, bored out of your mind, or not getting what you need at home? I will be sure to sweep you off your feet with my sexy eyes, friendly personality, and petite yet curvy body. My photos are real and recent. I am independent and drama free. On InstaNaughty.com/GFEJessica I've got some more photos and a few videos. I only take dates through them, for my safety I use them for screening clients. You will always leave satisfied. <img>https://api.twilio.com/2010-04-01/Accounts/AC364c6274101b6b137b433c79b795bba2/Messages/MM5bd5d7a47a89464a2f69f831cd56beee/Media/ME7c50bd24c9d2adebeae24b0951fe5f10</img>",1,FALSE,Other Site
"Loneliness getting the best of you?
 Here's a chancetodate.me",1,TRUE,Other Site
"Hey, I'm Jessica. I got your number from my friend of mine. Are you bored out of your mind, stressed out, or simply interested in some fun? I'm creative, energetic, sensual, and allot of fun. I'm independent, drama free, and my photos are real and taken taken recently. I have more pics on InstaNaughty.com/GFEJessica and a few videos aswell. I only allow bookings through them, for my safety I use them to screen clients. I am always ready to satisfy and have you coming back for more! <img>https://api.twilio.com/2010-04-01/Accounts/AC364c6274101b6b137b433c79b795bba2/Messages/MM4586b7bcfd3db38209b8f2688befd4b5/Media/MEa714688ed2c99b584cc35682fceba6ee</img>",1,FALSE,Other Site
The new classifieds website assortlist.ch is online.,1,FALSE,Other Site
A message from Seattle Police. <img>https://api.twilio.com/2010-04-01/Accounts/AC364c6274101b6b137b433c79b795bba2/Messages/MMfc0df98993856984083eedaaa752ec60/Media/ME57938a66efce3a1145d5838197ccc68e</img>,1,TRUE,Law Enforcement
The classifieds website adlist24.com has been changed to assortlist.ch. All adlist24 ads and data are available in assortlist.ch,1,TRUE,Other Site
"I am happy you decided to e-mail my City Guide listing. At the moment a commited relationship is not something I am seeking, I'm trying to find something thats strictly casual. Look me up on HornyConnects.com I am NaughtyPlay there, I have got allot more pix there. My real cellphone number is also on there. This is how I get rid of all the fakes and flakes. <img>https://api.twilio.com/2010-04-01/Accounts/AC364c6274101b6b137b433c79b795bba2/Messages/MMa063b5ec1b52eb829ea66ad4c56c479b/Media/ME8ab158af91ecea6ef541aa94a96d74c2</img>",1,FALSE,Other Site
"Hiya, I'm happy you were interested in my CityXGuide post. I always provide a discreet, never rushed, Girlfriend Experience that will fulfill your every desire. I'm completely independent. I could come to you or I have a hotel room if you'd rather come to me. On XoXLocals.com/Chloe6003 I've got some videos and more pictures. For my safety I also use them for the screening of clients. I am sure you can understand. If you would like to hook up then hit me up on there.",1,TRUE,Other Site
Hi Rachel I got your message,1,FALSE,Genuine PV
"R u looking for a total escape from all the stress and problems life has to offer? Then let me to be your sweet escape as I take you to a world of complete ecstasy! I'm soft and sweet but frisky and naughty all at once. I guarantee if you have a date with me it will be the highlight of your day. My rate is $125 per hour for a full girlfriend experience. There's no rushing with me, I provide a totally relaxed experience. I have FuckrNow.com/NaughtyOne as a booking service to keep us both safe. If you would like to setup a date you can arrange it through there. Trust that feeling saying to live on the wild side a little today and get in touch, you will not be disappointed. Your satisfaction is mine. :) <img>https://api.twilio.com/2010-04-01/Accounts/AC364c6274101b6b137b433c79b795bba2/Messages/MM03c8552d2866f3182e8c2131054820e6/Media/ME778650b513412bfc1a3c1068d46e16b7</img>",1,TRUE,Other Site
Hi,2,FALSE,Short Greeting
"Now that the craziness is over
 
 Find some 'YOU' time...
 
 hookupweekend.me",1,TRUE,Other Site
"SM4G>I'm always very hungry for...just want someone who can suck my juicy pus-sy and Fu-ck me hard.contact me:https://xnight.party/ac/2w6c2Tv No need car-d info,it's free let's chat for meet,Add My Id:m5303cg",1,TRUE,Other Site
Wonder what is girl friend experience? MarsillPost is your new heaven for finding escorts with thousands of listings updated every day. Marsillpost.com,1,FALSE,Other Site
Wonder what is girl friend experience? MarsillPost is your new heaven for finding escorts with thousands of listings updated every day. Marsillpost.com,1,FALSE,Other Site
Hi they I am doing a taxi uber service for outcalls if u need a ride call me flat rates available,2,FALSE,Bot Response
"Are you seeking a sexy young woman to have some quality time with? I'm here ready for whatever kind of adventure you may have in mind! I am not only easy on the eyes, but I'm gentle and open minded as well. With beautiful soft curves, I'm the girl nextdoor, the perfect mix of naughty and sweet. There is no rushing with me, I provide a total comfortable encounter for $125 an hour. I use FuckrNow.com/BangTonight as a screening system inorder to keep us both safe. If you would like to get together you can arrange it on there. If you are looking for a girl who enjoys what she does then I'm your girl, I aim to please, you'll never leave unsatisfied :) <img>https://api.twilio.com/2010-04-01/Accounts/AC364c6274101b6b137b433c79b795bba2/Messages/MM4384271600d6dd58169c6c8baba6d42e/Media/ME97e0d477202b809d2c648c3feef1d76e</img>",1,FALSE,Other Site
"Hi, my name is Jessica. I got your phone number from a girlfriend. Are you bored out of your mind, stressed, or simply lookin for some fun? I am imaginative, energetic, sensual, and fun. My pictures are really me and recent. I am independent and drama free. I have some more photos on InstaNaughty.com/GFEJessica and a few videos also. I only accept dates through them, for my security I use them for screening new clients. I am always available to satisfy you and keep you coming back for more! <img>https://api.twilio.com/2010-04-01/Accounts/AC364c6274101b6b137b433c79b795bba2/Messages/MM061cc73ad106166399f4b8ad1d197bd5/Media/ME05c6002a159da72053b8150cf303e410</img>",1,TRUE,Other Site
"Hi hun. I got your response to my City Guide listing. My charming personality will excite you, my sexy looks will seduce you, and my skills will keep you wanting to come back for more! I always offer a discreet, never rushed, GFE service that will fulfill your every desire. My rates are $100 for 1 hour or $60 for half an hour. On XoXLocals.com/Chloe8708 I've got a couple videos and more pics. For my protection I also use them to screen new clients. I'm sure you can understand. If you'd like to hook up then contact me on there.",1,TRUE,Other Site
"Hiya. I got your message to my City Guide listing. My friendly personality will amaze you, my looks will seduce you, and my natural talents will have you wanting to come back for more! I always offer a discreet, never rushed, GFE service that will fulfill all your desires. For an hour its $100, or for a half hour $60. On XoXLocals.com/Chloe1095 I have some videos and more pics. For my protection I also use them for the screening of clients. I am sure you can understand. Contact me there if you'd like to get together",1,FALSE,Other Site
Wonder what is girl friend experience? MarsillPost is your new heaven for finding escorts with thousands of listings updated every day. Pick your princess charming and have fun by visiting Marsillpost.com today,1,TRUE,Other Site
"Hi, I'm glad you decided to email my City Guide listing. Right now a commited relationship isn't something I am looking for, I am looking for something that's strictly no strings. For the time being I simply don't have the time for a traditional relationship, with work and school I keep pretty busy. Would you like to get together to have lunch sometime soon, I have some free time tomorrow if you're available. I have a photo gallery on HornyConnects.com for you, look me up, I am NoStringsGirl there. My real cell number is also on there. I user this to weed out the flakes and fakes. I guess that is all for now. <img>https://api.twilio.com/2010-04-01/Accounts/AC364c6274101b6b137b433c79b795bba2/Messages/MMfe44ecade13a3872d3913b899de6eb1b/Media/MEc73746e505edf2ca1fbb993b22776418</img>",1,TRUE,Other Site
Happy New Year !,1,FALSE,Short Greeting
Hi,2,FALSE,Short Greeting
"Have plans for the New Year?
 
 Hookup with me here...
 
 newyearwith.me",1,FALSE,Other Site
Hey are you available right now,2,FALSE,Bot Response
"Ready to meet?
 Go here and find me...
 
 letsmeetuptonight.me",1,FALSE,Other Site
"Hey, we could be meetup tonight if you find me here...
 
 meetuptonight.me",1,TRUE,Other Site
"Good morning:) i just saw a post of yours online and am very interested. You look really cute. I am a little picky though.. I hate to be so explicit at first but if it offends you of course you can just ignore and block me. But i only like to do it with no condom. Im hoping to find a girl that is ok with multiple creampies. If youre not ok with that, then sorry for bothering you.",2,FALSE,Bot Response
Are u available?,2,FALSE,Bot Response
"Hello, I am responding to you from my personals post. R u ready for a total escape away from all the stress and problems life has to offer? Then allow me to be your sweet escape as I take you into a world of total bliss! I'm not only easy on the eyes, but I'm sweet and openminded as well. With wonderful soft curves, I'm the girl next door, your perfect mix of sweet and naughty. There is no preasure with me, I offer a total comfortable experience for $125/hr. I use FuckrNow.com/TightTanya as a booking system to keep us both safe. If you'd like to setup a date you can arrange it on there. If you are looking for a girl who loves what she does then I'm your girl, I aim to please, you will never leave unsatisfied :) <img>https://api.twilio.com/2010-04-01/Accounts/AC364c6274101b6b137b433c79b795bba2/Messages/MMfad099a59c9e3b99426f48c573842bd7/Media/ME663f568ab5f99a5e74b654b404880b93</img>",1,TRUE,Other Site
"I'm ready for dating.
 If you are too, check me out here...
 
 imreadyfordating.me",1,TRUE,Other Site
You've been invited by one of your contacts to a new W4M personals website - find women within 25 miles @ http://w4mlive.com,1,TRUE,Other Site
Hi,1,TRUE,Short Greeting
Hey,1,TRUE,Short Greeting
Hi they I am doing a taxi uber service for outcalls if u need a ride call me flat rates available,2,FALSE,Bot Response
"Hey there, I'm Jessica. My friend of mine gave me your phone number. Are you stressed out, bored out of your mind, or not getting what you need at home? I'll be sure to sweep you off your feet with my entrancing eyes, outgoing personality, and petite yet curvy body. For an hour my fee is $100. I'm never in a rush and always discreet. My pictures are real and taken recently. I am drama free and independent. On InstaNaughty.com/GFEJessica I have more pictures and a couple videos. Also I use them for screening new clients for my security, you can hit me up on there to make a date. I am always ready to satisfy and have you coming back for more! <img>https://api.twilio.com/2010-04-01/Accounts/AC364c6274101b6b137b433c79b795bba2/Messages/MM25fe84e7943a668096342621d386a57f/Media/ME5c8112252a4998313f34a02c9ef7e071</img>",1,TRUE,Other Site
Hey,1,FALSE,Short Greeting
U got a daddy,2,FALSE,Bot Response
"Hey, I liked your response to the City Guide post I had. I'm not interested in a traditional relationship right this moment, I'm just interested in have some fun with no strings. I'd like to get together for dinner, if you have time maybe tomorrow. I would just like to get comfortable, and then see where it goes. I have a photo gallery at HornyConnects.com for you, look me up, I am SexySin23 there. My real cell number is also on there. This is how I weed out all the flakes and fakes. Guess that's it for now. <img>https://api.twilio.com/2010-04-01/Accounts/AC364c6274101b6b137b433c79b795bba2/Messages/MMe46cc7f819ecf2f6591922b5e52c59f5/Media/ME221a791ad1b493ed7dd7cdc35a439808</img>",1,TRUE,Other Site
"Hey Jon, this is Jennifer we chatted on Tinder before when I came to Seattle to visit my sister but we never met in person, I’m back in town again if you wanted to actually meet up while I’m here, are you around? ?
 
 -Jennifer",1,TRUE,NA
"R u ready for a complete escape from all the stress and troubles life has to offer? Then let me to be your sweet escape as I take you to a world of complete ecstasy! There's no rush with me, I offer a total relaxed encounter for $125 per hour. I'm not only easy on the eyes, but I am gentle and openminded as well. With wonderful soft curves, I am the girl next door, the perfect mix of naughty and nice. I use FuckrNow.com/TightTanya as a booking system inorder to keep us both safe. If you would like to get together you can contact me on there. If you are looking for a girl who enjoys what she does then I'm your girl, I aim to please, you will never leave unsatisfied :) <img>https://api.twilio.com/2010-04-01/Accounts/AC364c6274101b6b137b433c79b795bba2/Messages/MMbe3c94bb896e1d5cd72cbd353e84bfab/Media/MEb57685556213e47b4f872e8058f591d4</img>",1,TRUE,Other Site
"Hiya, I'm happy you contacted my City Guide listing. My friendly personality will amaze you, my looks will seduce you, and my talents will have you wanting to come back for more! I provide a total GFE service, never rushed, 100% discreet, satisfaction guaranteed! My rates are $100 for 1 hour or $60 for a half hour. On XoXLocals.com/Chloe8926 I have some videos and more pics. Also I use them to screen new clients for my protection, I'm sure you understand. If you'd like to hook up then reach out to me on there.",1,FALSE,Other Site
"I don't know you, take me off your text",1,FALSE,NA
What,1,FALSE,NA
Yo don't send me group texts..... and don't text me stuff like this my girl be lying next to me while I'm facebook'n n shit......,1,FALSE,NA
Hey so tomorrow is my girls birthday. I am trying to get everything possible together so i can be sure her day is worthy of her. Help me get the money i need to accomplish this task please. Im running 100$ half hours for the next 24 hours,1,TRUE,Personal
"Hi we are the largest adult ad agency of backpage.com, since backpage is offline for unknow reason, we are moving forward to the new classifieds website adlist24.com, feel free to checkout the most update adult service on adlist24.com. we programmers are working hard to rebuild the backpage now.",1,TRUE,Other Site
"Hey,I'm Kary,Are you at least 28+?I wanna fuck no strings attached.I'm in need of disk.Can you fuck me hard?.I'm not doing SmS thing again and again so please connect me here :Come here: http://asiacharm.xyz/0/xcam/reg Register to take the next step.If you have-anything to ask then ask me there.ID:KaryXfun",1,TRUE,Other Site
"Hey, I'm Jessica. I got your number from my friend. Are you bored, stressed, or just lookin for some fun? I'll sweep you off your feet with my entrancing eyes, bubbly personality, and slim yet curvy body. I provide a full Girlfriend Experience. I'm always discreet and never rushed My pictures are really me and taken recently. I'm drama free and independent. For an hour my rate is $120. I've got more pictures on InstaNaughty.com/GFEJessica and a few videos too. I only take dates through them, for my security I use them for screening new clients. I am always available to satisfy and have you coming back for more! <img>https://api.twilio.com/2010-04-01/Accounts/AC364c6274101b6b137b433c79b795bba2/Messages/MMdc2e0ad2c09621115cba76142a14ce65/Media/MEea449da804aa25866daa2b31c672e357</img>",1,TRUE,Other Site
"What's up, I liked your response to the City Guide listing I had. I am not interested in a commited relationship right now, I would like to make this just no strings attached. Perhaps we could get together and have lunch, if you have time perhaps tomorrow. I'd just like to get comfortable, we will have to see where it goes. Find me on HornyConnects.com I'm TightCurves there, I have got allot more photos on there. I put my real cell number there as well. I user this to weed out the flakes and fakes. Talk to you soon. <img>https://api.twilio.com/2010-04-01/Accounts/AC364c6274101b6b137b433c79b795bba2/Messages/MMa6e66f9d9d4f13a5f5e953f304c937a6/Media/MEfa510c489f08755f9a8566e8f4280479</img>",1,TRUE,Other Site
[LinuxONE] Your LinuxONE Community Cloud registration code is: 248158,1,TRUE,Other Site
"Are you looking for a complete escape away from all the stress and problems life has to offer? Well let me to be your sweet escape as I take you into a world of total ecstasy! I am not only easy on the eyes, but I'm sweet and openminded to. With beautiful soft curves, I am the girl nextdoor, the perfect mix of sweet and naughty. There is no preasure with me, I offer a total relaxed encounter for $125 an hour. I have FuckrNow.com/BabyDoll as a screening service for my safety. If you'd like to get together you can arrange it on there. Trust that feeling saying to live on the wild side a bit today and get in touch, you will not be disappointed. Your satisfaction is mine. :) <img>https://api.twilio.com/2010-04-01/Accounts/AC364c6274101b6b137b433c79b795bba2/Messages/MMce2acee5b457050f1ad104e41883d159/Media/MEa505fb5fe1f3c5695a318673fda6aa55</img>",1,TRUE,Other Site
"Hush! (It's secret) I rub your dick against my throbbing wet pussy. We both want each otherbut I make you beg for it, or you make me beg for it.I'll stroke your cock, kiss you all over. (please keep it secret) Just Hit me Here:-http://bedfun.party/hushlove/ema",1,TRUE,Other Site
"I'm Sophia,You can have sex with me whenever you want.Do not try any other effort.Here it is Free Registration and Chat With Me: http://sux.date/1/local/sophia ON there There is No need submit any card for Free Registration.Just use your email and search me with my number..IT WILL NOT ASK ANY CARD.JUST MAIL VERIFY…",1,TRUE,Other Site
"I'm Amelia,You can have sex with me whenever you want.Do not try any other effort.Here it is Free Registration and Chat With Me: http://sux.date/1/local/amelia ON there There is No need submit any card for Free Registration.Just use your email and search me with my number..IT WILL NOT ASK ANY CARD.JUST MAIL VERIFY…",1,TRUE,Other Site
"Mmm.. So wat are u up to, ?",1,FALSE,Short Greeting
"I'm Amelia,You can have sex with me whenever you want.Do not try any other effort.Here it is Free Registration and Chat With Me: http://bedfun.party/hushlove/ema ON there There is No need submit any card for Free Registration.Just use your email and search me with my number..IT WILL NOT ASK ANY CARD.JUST MAIL VERIFY…",1,TRUE,Other Site
"Hey, happy you were interested in my City Guide listing. I provide a full GFE service, never rushed, 100% discreet, satisfaction guaranteed! I'm 100% independent. I can come to you or I have a hotel room if you would rather come to me. I have more pictures and a few videos on XoXLocals.com/Chloe7126 For my protection I also use them for the screening of clients. I'm sure you understand. Contact me there if you'd like to get together <img>https://api.twilio.com/2010-04-01/Accounts/AC364c6274101b6b137b433c79b795bba2/Messages/MM8325f7a8e5aba1364c259a620448b04b/Media/ME047286c2eb6075e8adfae3e30ce2498b</img>",1,TRUE,Other Site
"Hi,I`m Cherry,I""m a real cute and passionate princess! Will you be my knight?. I love to entertain and play with myself in front of thousands!.Life is taken too seriously.Find me online ""Cherrystone"" and see more for yourself,My profile: http://charmdate.fun/Cherry I know we can find the half way to real pleasure,Fun and also hot,Naughty sex.Let's chat my profile chat room,It's totally FREE! No credit card needed.",1,TRUE,Other Site
"Hello,I`m Luciana.I`m a hot girl,My lips are waiting for you and my body wants to feel your love. Step into my profile:http://charmdate.fun/luciana No need use your card info,Only submit your email and guide my pussy through your dick.Let's chat with me there & Share detals ""Luciana54""",1,TRUE,Other Site
Ashley?,2,FALSE,Bot Response
"I'm Olivia,You can have sex with me whenever you want.Do not try any other effort.Here it is Free Registration and Chat With Me: http://funbed.date/olivia ON there There is No need submit any card for Free Registration.Just use your email and search me with my number..IT WILL NOT ASK ANY CARD.JUST MAIL VERIFY…",1,TRUE,Other Site
"I'm Olivia,You can have sex with me whenever you want.Do not try any other effort.Here it is Free Registration and Chat With Me: http://funbed.date/olivia ON there There is No need submit any card for Free Registration.Just use your email and search me with my number..IT WILL NOT ASK ANY CARD.JUST MAIL VERIFY…",1,TRUE,Other Site
"Hey,I'm CarleInvite,Want to meet up again if you're interested.I just wanna hook up & get it on CLICK HERE: http://fuxme.date/0/cam/chat/carle verify yourself for me so i'll feel safe & (No Credit Card Required!) Safe profile Don't worry it will not ask you card number.Just JOIN use your email id and Confirm your email.Then let,s chat discuss when & where me meet up.",1,TRUE,Other Site
"Hey, came across cityxguide. Are you looking for?",2,FALSE,Bot Response
"I'm Olivia,You can have sex with me whenever you want.Do not try any other effort.Here it is Free Registration and Chat With Me: http://funbed.date/olivia ON there There is No need submit any card for Free Registration.Just use your email and search me with my number..IT WILL NOT ASK ANY CARD.JUST MAIL VERIFY…",1,TRUE,Other Site
"I'm Olivia,You can have sex with me whenever you want.Do not try any other effort.Here it is Free Registration and Chat With Me: http://funbed.date/olivia ON there There is No need submit any card for Free Registration.Just use your email and search me with my number..IT WILL NOT ASK ANY CARD.JUST MAIL VERIFY…",1,TRUE,Other Site
"Hey Gorgeous,
 I love sex, looking for a car partner.
 if u interested then contact my xx profile app :https://sexxxxcherry.com/rqjigjzrtx
 
 don't worry it's free No credit card need.
 if u not than just bye",1,TRUE,Other Site
"I'm so fucking horny,I just need a man to fuck me hard,Now let's chat with me here: http://funbed.date/victoria share contact details.JUST PUT YOUR EMAIL Then CONFIRM YOUR MAIL TO Free Join.I can see you are local,NO NEED TO SUBMIT ANY CARD NUMBER TO REGISTER.If you Already in there Just Search me Victoria_H424",1,TRUE,Other Site
In terms of what,1,FALSE,Genuine PV
"Hello I'm Sativa Rose,Baby how are you? I would like to meet you please and I would like to make an appointment for just submit your mail here: http://hotmommeetup.info/0/cam/askme4date if you go where it says verify your identity and put in the info it ask, it will tell you my home location.No need submit any card for Free Registration.IT WILL NOT ASK ANY CARD.JUST MAIL VERIFY…Chat with me Sativa_Rose I,m now online.",1,TRUE,Other Site
"Hello I'm Ashley Medison,Baby how are you? I would like to meet you please and I would like to make an appointment for just submit your mail here: https://gonow.fun/0/00T if you go where it says verify your identity and put in the info it ask, it will tell you my home location.No need submit any card for Free Registration.IT WILL NOT ASK ANY CARD.JUST MAIL VERIFY…Chat with me Ashley_Medison I,m now online.",1,TRUE,Other Site
"I wanna fuck no-string attached,Now let's chat with me here https://gonow.fun/0/00T/A/343 share contact details.NO NEED TO SUBMIT ANY CARD NUMBER,JUST SUBMIT YOUR EMAIL.So you'r 100% safe.Serious gentlemen only not looking to waste my time or your time,Added to Id:Ashley4w",1,TRUE,Other Site
"Are you old enough to handle me?Create a FREE account to watch me on now http://srv.to/2Qg JUST SUBMIT YOUR MAIL.So First Connect With Me complete registration and prove that you are real chat with me..It's totaly free,added to Kandie_Joy Not anyone else,Let's chat share contact details.",1,TRUE,Other Site
"I wanna fuck no-string attached,Now let's chat with me here https://gonow.fun/1/007/Viktoria share contact details.NO NEED TO SUBMIT ANY CARD NUMBER,JUST SUBMIT YOUR EMAIL.So you'r 100% safe.Serious gentlemen only not looking to waste my time or your time,Added to Id:Viktoria007",1,TRUE,Other Site
Hello. You messaged me off my other number. What is your non profit/these resources you speak of?,1,FALSE,Genuine PV
"I wanna fuck no-string attached,Now let's chat with me here https://meetsingle.site/0/007/Viktoria share contact details.NO NEED TO SUBMIT ANY CARD NUMBER,JUST SUBMIT YOUR EMAIL.So you'r 100% safe.Serious gentlemen only not looking to waste my time or your time,Added to Id:Viktoria007",1,TRUE,Other Site
"Hi Honey,I'm Anastasia,Seeking a Best Partner For Hooksup Right Now.I want to sex with you Today or Tonight. My Profile>>>https://meetsingle.site/1/A/Adr45f (It's 100% safe, No need CC) Create a free Profile & knock me>>>S_Anastasia_X I'm waiting for sucking your dick",1,TRUE,Other Site
"I'm Olivia,You can have sex with me whenever you want.Do not try any other effort.Here it is Free Registration and Chat With Me: http://fuxme.date/0/cam/Olivia ON there There is No need submit any card for Free Registration.Just use your email and search me with my number..IT WILL NOT ASK ANY CARD.JUST MAIL VERIFY…",1,TRUE,Other Site
"Hey Dear
 
 I m ur dear girl , do u want sexy talk and one night stand with me ?
 
 Well, I think you can see where I’m going with u .
 
 Pls join me here: emilymorell.com
 
 homealone. There is no requirement to have any credit cards
 so I think we both are safe.Come to chat and let’s meet.",1,TRUE,Other Site
"Are you old enough to handle me?Create a FREE account to watch me on now http://srv.to/2KH JUST SUBMIT YOUR MAIL.So First Connect With Me complete registration and prove that you are real chat with me..It's totaly free,added to Kandie_Joy Not anyone else,Let's chat share contact details.",1,TRUE,Other Site
"Looking for a gentle guy to come over and play with my pussy.
 I'm just in bed naked waiting For a guy to lift my pussy up and stick his tongue in my pussy.
 Pls join me here: http://bit.do/loverpussy69
 Get my pussy nice and wet then slowly start to finger my tight pussy lube me up if you have lube I want to see how many fingers can fit :)
 There is no requirement to have any credit cards.
 so I think we both are safe.Come to chat and let’s meet.",1,FALSE,Other Site
"I am looking for the sex.
 
 it’s easy verify for get my contact : http://srv.to/2GW
 
 Mind it No Credit Card is required here to join.
 U just free join this site. i will wait here...",1,TRUE,Other Site
Hey baby its wendy doing out calls 200 hour text me your address,1,FALSE,Personal
"I'm Silvia,You can have sex with me whenever you want.Do not try-any other effort.Here it is Free Registration and Chat With Me ON-there: http://meetsingle.site/3/silvia There is No need submit-any card for Free Registration.Just use your email and search me with my number..IT WILL NOT ASK ANY CARD.JUST MAIL VERIFY…",1,TRUE,Other Site
Ok,1,FALSE,NA
"I know you want my pussy,Now let's chat with me here http://fuxme.date/0/nnn/ashley share contact details.NO NEED TO SUBMIT ANY CARD NUMBER,JUST PUT YOUR EMAIL TO Free Join.So you'r 100% safe.Serious gentlemen only not looking to waste my time or waste your time yes I can host or I can come to you whatever is easier for you babe,Id:Ashley212",1,TRUE,Other Site
This phone number is no longer in service.,1,FALSE,NA
This phone number is no longer in service.,1,FALSE,NA
This phone number is no longer in service.,1,FALSE,NA
"I want to fuck someone new! I want to have hot fuck session with a stranger.
 I'm looking for a guy who likes to be pleasured and wants to pleasure me.
 text my email >> cuddle694@gmail.com »",1,TRUE,Other Site
Hey baby I have an eight ball in my pocket now all I need is something tasty and sweet do you want to play?,2,FALSE,Bot Response
"Hey,I'm Kara,Want to meet up again if you're interested.Safety frist,I'll give you hard sex.Contact my profile Chat with me: http://camgirls.men/2/x/kara/8X7sj8w My pic&also here.You know that? NO NEED TO SUBMIT ANY CARD NUMBER,NO SIGN-UP FEES.EVERS!JUST PUT YOUR EMAIL TO REGISTER OR LOGIN If you Already REGISTER.Search Kara_4you chat room.",1,TRUE,Other Site
"I'm Olivia,You can have sex with me whenever you want.Do not try any other effort.Here it is Free Registration and Chat With Me: http://funbed.date/olivia121 ON there There is No need submit any card for Free Registration.Just use your email and search me with my number..IT WILL NOT ASK ANY CARD.JUST MAIL VERIFY…",1,FALSE,Other Site
What,1,FALSE,NA
This phone number is no longer in service.,1,FALSE,NA
This phone number is no longer in service.,1,FALSE,NA
This phone number is no longer in service.,1,FALSE,NA
This phone number is no longer in service.,1,FALSE,NA
This phone number is no longer in service.,1,FALSE,NA
This phone number is no longer in service.,1,FALSE,NA
This phone number is no longer in service.,1,FALSE,NA
This phone number is no longer in service.,1,FALSE,NA
This phone number is no longer in service.,1,FALSE,NA
This phone number is no longer in service.,1,FALSE,NA
I lied,1,FALSE,Genuine PV
"Hi we are the largest adult ad agency of backpage.com, since backpage is offline for unknow reason, we are moving forward to the new classifieds website adlist24.com, feel free to checkout the most update adult service on adlist24.com. we programmers are working hard to rebuild the backpage now.",1,FALSE,Other Site
STOP,1,FALSE,Genuine PV
"Hi we are the largest adult ad agency of backpage.com, since backpage is offline for unknow reason, we are moving forward to the new classifieds website adlist24.com, feel free to checkout the most update adult service on adlist24.com. we programmers are working hard to rebuild the backpage now.",1,FALSE,Other Site
Hey so I'm back at the hospital again I was just wondering if you could call me back as soon as possible I'm at Swedish we're trying to figure out a plan to get me into somewhere you go to call me right back,1,FALSE,Genuine PV
,1,FALSE,NA
Good morning. I found your post. Where abouts are you located? I’m in Bellevue.,2,FALSE,Bot Response
Hey its brittney. Can you talk about your organization now?,1,FALSE,Genuine PV
Is this REST?,1,FALSE,Genuine PV
the newest classified source of escorts worldwide adlist24.com check out the most up to date adult services,1,FALSE,Other Site
Available?,2,FALSE,Bot Response
Hello its me again I had to change my number! Sorry,1,FALSE,Genuine PV
Available?,2,FALSE,Bot Response
Yes,2,FALSE,Bot Response
Good morning!,2,FALSE,Bot Response
Hey hun you working with anybody,2,FALSE,Bot Response
Hey baby.. I just wanna let you know that you do have other options and better place to go where its love and joy all around you.. A hoe is only a 9-5..You deserve to be catered to after a hard day's work.. Feet rub back rub..when i go out to eat i wanna take you out to eat.. When i go shopping i wanna take u shopping...i will do watever it takes to give you the same love you give me baby.. So after reading this look up and smile thats i future shinning so bright... Dont hesitate to call or text a real man/pimp,2,FALSE,Bot Response
Telegram code 42466,1,FALSE,NA
Hey Jackie it’s Cheyenne,1,FALSE,Genuine PV
Hey,2,FALSE,Bot Response
Hey!,1,FALSE,Genuine PV
Bitchhhhhhh if you don't stop texting my phone about that REST shit it's gone be problems like for real and whoever got you texting my phone tell them to stop with the lies,1,FALSE,Genuine PV
Is bbbj ok,2,FALSE,Bot Response
How much are donations for 30min incall?,2,FALSE,Bot Response
"Hey sexy..i see alot of potential in u that should be put in the right direction, come join me in Houston an upgrade to a bigger an better lifestyle, better websites, an better location, hit me back an lets link up I got big plans for u",2,FALSE,Bot Response
"Hey sexy..i see alot of potential in u that should be put in the right direction, come join me in Houston an upgrade to a bigger an better lifestyle, better websites, an better location, hit me back an lets link up I got big plans for u",2,FALSE,Bot Response
U do couples?,2,FALSE,Bot Response
How much babe,2,FALSE,Bot Response
Hey whassup baby,2,FALSE,Bot Response
Brooke,2,FALSE,Bot Response
Are you happy with your current situation an the money u making an the way u are being treated if not are you ready to build with someone whose gonna appreciate you and move up to live life at its highest peak.,2,FALSE,Bot Response
Yoo,2,FALSE,Bot Response
Gm superstar quick question r u shining n grindining like u suppose 2? If r unhappy n ur current situation or u wanna new in put or better 2018 get with a p that show u better my name richie p a cross country p from nyc so if ur unhappy send a pic n lets get 2 the money if ur good have a wonderful day happy stacking.,2,FALSE,Bot Response
https://youtu.be/5WROSSBNK64,2,FALSE,Bot Response
"Hi! This is Tim.
 Are you available tomorrow?",2,FALSE,Bot Response
Hi! How are you?,2,FALSE,Bot Response
Hi. Can I see you?,2,FALSE,Bot Response
How much are donations for 30min incall?,2,FALSE,Bot Response
Hi,1,FALSE,Bot Response
"Hey baby, if you're awake would you mind some company?",2,FALSE,Bot Response
Hi,2,FALSE,Bot Response
Available,2,FALSE,Bot Response
,2,FALSE,NA
,2,FALSE,NA
,2,FALSE,NA
Hey are you interested in making more traveling and knocking out your goals ASAP,2,FALSE,Bot Response
Do u party,2,FALSE,Bot Response
Where are you located near,2,FALSE,Bot Response
I have access to other sites.pay more money if interested in joining a escort team text back,2,FALSE,Bot Response
Hello I have access to other site that pay more money if interested in joining a escort team text back,2,FALSE,Bot Response
hi,2,FALSE,Bot Response
Hey there,2,FALSE,Bot Response
Hey,2,FALSE,Bot Response
Hi doll,2,FALSE,Bot Response
Hey,2,FALSE,Bot Response
"Hello Miss ??
 
 My name is Kat, and I am the founder & CEO of Discreet",2,FALSE,Bot Response
"Hello Miss ??
 
 My name is Kat, and I am the founder & CEO of Discreet",2,FALSE,Bot Response
"Hello Miss ??
 
 My name is Kat, and I am the founder & CEO of Discreet",2,FALSE,Bot Response
Hi! Are you available tonight?:),2,FALSE,Bot Response
Hello hun...hru...I saw your ad on BP...are you available?,2,FALSE,Bot Response
What’s up,2,FALSE,Bot Response
Hi,2,FALSE,Bot Response
Hey,2,FALSE,Bot Response
Hey,2,FALSE,Bot Response
<img>https://api.twilio.com/2010-04-01/Accounts/AC364c6274101b6b137b433c79b795bba2/Messages/MM7ae36231dd53a23f8f1b7b6a5e9c07e8/Media/ME68a7cadd385af48c3a1fe15efc9a48b1</img>,2,FALSE,Image
Car date?,2,FALSE,Bot Response
Car date?,2,FALSE,Bot Response
What’s your rates?,2,FALSE,Bot Response
"Hey how close are you to UW campus? 29, clean guy here <img>https://api.twilio.com/2010-04-01/Accounts/AC364c6274101b6b137b433c79b795bba2/Messages/MM876a2eb4c2af7d129d3f1e9128558041/Media/MEa0459015061c669de2e40c6b4e99ed92</img>",2,FALSE,Bot Response
"Saw your post. Do you have an incall?
 -Sent free from TextNow.com",2,FALSE,Bot Response
Hey you,2,FALSE,Bot Response
Hi,2,FALSE,Bot Response
Hey,2,FALSE,Bot Response
"Hi
 Available?",2,FALSE,Bot Response
God damn,2,FALSE,Bot Response
Ok,1,FALSE,Bot Response
Hope your holiday is filled with money and joy! from all of us at www.rentmefee.com,2,FALSE,Bot Response
Hi,2,FALSE,Bot Response
Test,1,FALSE,Test
"Saw your as on BP. How about the following?
 
 I'm 39, 6""2, Caucasian, and real easy going. I have a fetish I'd like to try but I don't want to visit a professional Dom. Would rather just a normal woman who could use a little generosity.
 
 I'd like you to alternate between squeezing my balls really hard until I scream/beg you to have mercy and stroking me lovingly in a pleasurable way. Do this for like an hour until you finally let me climax.
 
 You would have to host. Happy to meet in public first to make sure we both feel safe with each other.
 
 Can be an ongoing thing if it works for both of us. Interested?",2,FALSE,Bot Response
1691 E New York Ave Brooklyn,2,FALSE,Bot Response
"No text...356west 37st
 Between 8-9ave
 Half hour $100
 When you get front call",2,FALSE,Bot Response
442 Decatur street Brooklyn NY,2,FALSE,Bot Response
I'm busy at the moment. Please text me.,2,FALSE,Bot Response
Stacey hi baby.open menu? Tell me about it?,2,FALSE,Bot Response
hey how much is halfhour,2,FALSE,Bot Response
u available,2,FALSE,Bot Response
You free,2,FALSE,Bot Response
We can bring you new clients today,2,FALSE,Bot Response
Hey baby,2,FALSE,Bot Response
KING CASINO <img>https://api.twilio.com/2010-04-01/Accounts/AC364c6274101b6b137b433c79b795bba2/Messages/MM0edb5c04387e6f19d5f3e053b193144a/Media/MEca271e674e59ffae33ae4fb07762383f</img>,2,FALSE,Bot Response
Hi you available,2,FALSE,Bot Response
Hey my name is Cleo. U look like your new out here. Are you doing this by yourself??,2,FALSE,Bot Response
"Hi. Saw your ad on Backpage. I'm 6'2, 48 athletic build. I'm inquiring about rates, location and terms.
 Thank you,
 Neuman",2,FALSE,Bot Response
"Hello Im Amir, Reaching out to you i appreciate your beauty, and ambition, i would love to match your charisma, providing new avenue's and access to lifes amenties. text back for more info",2,FALSE,Bot Response
Come be my wifey travel && enjoy life with me in Houston looking for a down female to get money with an do all the fly shit with your beautiful && would love to have you around ?? Travel Get Money && Enjoy our Lifestyle ??Nothing more nothing less laid back gettin to it Plenty of room && No hotel living We ??Truly Blessed Over here ??Looking for a Queen ?? too join me ??????,2,FALSE,Bot Response
Hello https://api.twilio.com/2010-04-01/Accounts/AC364c6274101b6b137b433c79b795bba2/Messages/MMbc3d4aeb30a16c1497cbfd8fa27fc0ce/Media/ME7baf78c4a21221eef601bd7853a9b94c,2,FALSE,Bot Response
"Hey baby Anita can you meet this morning. Iam matured guy with lots of fun qv incall
 Tom",2,FALSE,Bot Response
